url;alias;spf_record
antibar.cz;Alias (50);No TXT records
parkhotelsumava.cz;Alias (50);No TXT records
paskklatovy.cz;Alias (50);No TXT records
jsfstavebni.cz;Alias (50);No TXT records
muzeum-sumavy.cz;Alias (50);No TXT records
foxklatovy.cz;Alias (50);No SPF record found
fox-klatovy.cz;Alias (50);No TXT records
msbroker.cz;Alias (50);No TXT records
ms-brokers.cz;Alias (50);No TXT records
msbrokers.cz;Alias (50);No TXT records
horland.cz;Alias (50);No TXT records
fox-klatovy.eu;Alias (50);No TXT records
fotorisk.cz;E-mail Pro (81);v=spf1 a include:spf-zoner-zmail.zoner.com include:spf-zoner-cloudmail.zoner.com -all
kskklatovy.cz;E-mail Pro (81);v=spf1 a include:spf-zoner-zmail.zoner.com include:spf-zoner-cloudmail.zoner.com -all
engadin.cz;E-mail Pro (81);v=spf1 a include:spf-zoner-zmail.zoner.com include:spf-zoner-cloudmail.zoner.com -all
vodhradek.cz;E-mail Pro (81);v=spf1 a include:spf-zoner-zmail.zoner.com include:spf-zoner-cloudmail.zoner.com -all
tosch-parkhotel.cz;E-mail Pro (81);v=spf1 a include:spf-zoner-zmail.zoner.com include:spf-zoner-cloudmail.zoner.com -all
isfin.cz;E-mail Pro (81);v=spf1 a include:spf-zoner-zmail.zoner.com include:spf-zoner-cloudmail.zoner.com -all
zstolsteho.cz;E-mail Pro (81);v=spf1 include:spf.protection.outlook.com -all
sdruzenioptiku.cz;E-mail Pro (81);v=spf1 a include:spf-zoner-zmail.zoner.com include:spf-zoner-cloudmail.zoner.com -all
zelruda.cz;E-mail Pro (81);v=spf1 a include:spf-zoner-zmail.zoner.com include:spf-zoner-cloudmail.zoner.com -all
pensionklostermann.cz;E-mail Pro (81);v=spf1 a include:spf-zoner-zmail.zoner.com include:spf-zoner-cloudmail.zoner.com -all
zamecnictvidvoracek.cz;E-mail Pro (81);v=spf1 a include:spf-zoner-zmail.zoner.com include:spf-zoner-cloudmail.zoner.com -all
vysivkymakovec.cz;E-mail Pro (81);v=spf1 a include:spf-zoner-zmail.zoner.com include:spf-zoner-cloudmail.zoner.com -all
abpcompany.cz;E-mail Pro (81);v=spf1 a include:spf-zoner-zmail.zoner.com include:spf-zoner-cloudmail.zoner.com -all
rekaping.cz;E-mail Pro (81);v=spf1 a include:spf-zoner-zmail.zoner.com include:spf-zoner-cloudmail.zoner.com -all
ms-broker.cz;E-mail Pro (81);v=spf1 a include:spf-zoner-zmail.zoner.com include:spf-zoner-cloudmail.zoner.com -all
lonami.cz;E-mail Pro (81);v=spf1 include:spf-zoner-zmail.zoner.com -all
foxinterier.eu;E-mail Pro (81);v=spf1 a include:spf-zoner-zmail.zoner.com include:spf-zoner-cloudmail.zoner.com -all
karl.cz;Registrace (44);No TXT records
authorkralsumavy.cz;Registrace (44);v=spf1 include:_spf.google.com ~all
danielhladky.cz;inPage Mini (243);No TXT records
dopravniznacky.info;inPage Premium (242);v=spf1 include:spf-zoner-zmail.zoner.com -all
eshop.sumavanet.cz;inPage Premium Lite (245);No TXT records
advokatsojka.cz;Alias (50);No TXT records
andale.cz;Cloud Mail (640);v=spf1 include:spf-zoner-zmail.zoner.com -all
inox-kt.cz;Cloud Mail (640);v=spf1 a mx include:spf-zoner-zmail.zoner.com include:spf-zoner-cloudmail.zoner.com -all
vmvenergo.eu;Cloud Mail (640);v=spf1 include:spf-zoner-zmail.zoner.com -all
sumava.online;Cloud Mail (640);v=spf1 include:spf-zoner-zmail.zoner.com ~all
kinoklatovy.cz;E-mail Pro (81);v=spf1 a include:spf-zoner-zmail.zoner.com include:spf-zoner-cloudmail.zoner.com -all
obectynec.cz;E-mail Pro (81);v=spf1 a include:spf-zoner-zmail.zoner.com include:spf-zoner-cloudmail.zoner.com -all
šumavanet.com;Parkování (40);No TXT records
klatovskelisty.cz;Parkování (40);No TXT records
prospekt.cz;Parkování (40);No TXT records
zapadnicechy.cz;Parkování (40);No TXT records
ubytovani-na-horach.cz;Parkování (40);No TXT records
ubytovani-na-sumave.cz;Parkování (40);No TXT records
khory.cz;Parkování (40);No TXT records
discobazar.cz;Parkování (40);No TXT records
lipno111.cz;Parkování (40);No TXT records
penzionpodsmrkem.cz;Parkování (40);No TXT records
strakonicko.cz;Parkování (40);No TXT records
sumavashop.cz;Parkování (40);No TXT records
ubytovani-penziony.cz;Parkování (40);No TXT records
ubytovani-hotely.cz;Parkování (40);No TXT records
klatovskeicko.cz;Parkování (40);No TXT records
klatovske-icko.cz;Parkování (40);No TXT records
apartmanysrni.cz;Parkování (40);No TXT records
portal-sumava.cz;Parkování (40);No TXT records
dovolenasumava.cz;Parkování (40);No TXT records
slevysumava.cz;Parkování (40);No TXT records
slevy-sumava.cz;Parkování (40);No TXT records
sumavaslevy.cz;Parkování (40);No TXT records
sumava-slevy.cz;Parkování (40);No TXT records
dovolena-lipno.cz;Parkování (40);No TXT records
vysivky-makovec.cz;Parkování (40);No TXT records
ikvilda.cz;Parkování (40);No TXT records
pavelhladky.cz;Parkování (40);No TXT records
pavel-hladky.cz;Parkování (40);No TXT records
obechornivltavice.cz;Parkování (40);No TXT records
kulturaklatovy.cz;Parkování (40);No TXT records
kultura-klatovy.cz;Parkování (40);No TXT records
penzionmodrava.cz;Parkování (40);No TXT records
penzion-modrava.cz;Parkování (40);No TXT records
venkovni-trampoliny.cz;Parkování (40);v=spf1 a mx include:_spf.myshoptet.com. include:spf-zoner-zmail.zoner.com include:spf-zoner-cloudmail.zoner.com -all
optikaroku.cz;Parkování (40);No TXT records
az-fitnes.cz;Parkování (40);v=spf1 a mx include:_spf.mysho ptet.com. include:spf-zoner-zm ail.zoner.com include:spf-zone r-cloudmail.zoner.com -all
az-trampoliny.cz;Parkování (40);No TXT records
fapa-truhlarstvi.cz;Parkování (40);No TXT records
fapatruhlarstvi.cz;Parkování (40);No TXT records
susiceinfo.cz;Parkování (40);No TXT records
susice-info.cz;Parkování (40);No TXT records
chatamodrava.cz;Parkování (40);No TXT records
nyrska-teplarna.cz;Parkování (40);No TXT records
akceklatovy.cz;Parkování (40);No TXT records
akce-klatovy.cz;Parkování (40);No TXT records
kalendarklatovy.cz;Parkování (40);No TXT records
kalendar-klatovy.cz;Parkování (40);No TXT records
sumavabezhranic.cz;Parkování (40);No TXT records
sumava-bez-hranic.cz;Parkování (40);v=spf1 include:spf-zoner-zmail.zoner.com -all
sumava-shop.cz;Parkování (40);No TXT records
okula-eyewear.cz;Parkování (40);No TXT records
okulaeyewear.cz;Parkování (40);No TXT records
optiplast-eyewear.cz;Parkování (40);No TXT records
lstavby.cz;Parkování (40);No TXT records
zs-planice.cz;Parkování (40);v=spf1 include:spf.protection.outlook.com -all
pohadkovykramek.cz;Parkování (40);No TXT records
sumavskynet.cz;Parkování (40);No TXT records
harmonicky-domov.cz;Parkování (40);No TXT records
harmonickydomov.cz;Parkování (40);No TXT records
lipnopro.cz;Parkování (40);No TXT records
susicebranasumavy.cz;Parkování (40);No TXT records
vysivky-plzen.cz;Parkování (40);No TXT records
vysivkyplzen.cz;Parkování (40);No TXT records
alfanyrsko.cz;Parkování (40);No TXT records
jbnyrsko.cz;Parkování (40);No TXT records
penzionklose.cz;Parkování (40);No TXT records
penzion-klose.cz;Parkování (40);No TXT records
vmvenergo.cz;Parkování (40);No TXT records
skoleniridicuklatovy.cz;Parkování (40);No TXT records
chalupa-pancir.cz;Parkování (40);No TXT records
chalupapancir.cz;Parkování (40);No TXT records
böhmerwaldperln.de;Parkování (40);No TXT records
boehmerwaldperln.de;Parkování (40);No TXT records
tosch-parkhotel.de;Parkování (40);No TXT records
sumavanet.de;Parkování (40);v=spf1 include:spf.protection.outlook.com -all
bohmerwaldnet.de;Parkování (40);No TXT records
boehmerwald.eu;Parkování (40);No TXT records
šumavanet.eu;Parkování (40);No TXT records
šumava-ubytování.eu;Parkování (40);No TXT records
železnáruda.eu;Parkování (40);No TXT records
zaskolovec.eu;Parkování (40);No TXT records
ubytovani-lipno.eu;Parkování (40);No TXT records
ubytovanilipno.eu;Parkování (40);No TXT records
agropodnik.eu;Parkování (40);v=spf1 mx -all
iklatovy.eu;Parkování (40);No TXT records
ikvilda.eu;Parkování (40);No TXT records
zadov.eu;Parkování (40);No TXT records
stozec.eu;Parkování (40);v=spf1 a mx include:spfa.gc-system.cz ~all
srni.eu;Parkování (40);No TXT records
nyrsko.eu;Parkování (40);No TXT records
kasperske-hory.eu;Parkování (40);No TXT records
boubin.eu;Parkování (40);v=spf1 include:spf-zoner-zmail.zoner.com -all
gymkt.eu;Parkování (40);v=spf1 include:spf.protection.outlook.com -all
sumava-bavorskyles.eu;Parkování (40);No TXT records
okulaeyewear.eu;Parkování (40);No TXT records
optiplast-eyewear.eu;Parkování (40);No TXT records
kasperskehory.eu;Parkování (40);No TXT records
susice.info;Parkování (40);No TXT records
horskakvilda.info;Parkování (40);No TXT records
horska-kvilda.info;Parkování (40);No TXT records
prasily.info;Parkování (40);No TXT records
kvilda.info;Parkování (40);No TXT records
zsamsdesenice.info;Parkování (40);No SPF record found
domazlicko.net;Parkování (40);No TXT records
šumava.net;Parkování (40);No TXT records
sumavanet.net;Parkování (40);No TXT records
sumavsky.net;Parkování (40);No TXT records
kvhgabreta.net;Parkování (40);No TXT records
posumavi.net;Parkování (40);No TXT records
kasperskehory.net;Parkování (40);No TXT records
zeleznorudsko.net;Parkování (40);No TXT records
prasily.net;Parkování (40);No TXT records
kvilda.online;Parkování (40);No TXT records
klatovy.online;Parkování (40);No TXT records
lipno.online;Parkování (40);No TXT records
susice.online;Parkování (40);No TXT records
horazdovice.online;Parkování (40);No TXT records
sumava.sk;Parkování (40);No TXT records
okula.sk;Parkování (40);No TXT records
klatovy.tv;Parkování (40);No TXT records
az-fitness.cz;Alias (50);No TXT records
ebabyland.cz;Alias (50);v=spf1 a mx include:_spf.mysho ptet.com. include:spf-zoner-zm ail.zoner.com include:spf-zone r-cloudmail.zoner.com -all
e-babyland.cz;Alias (50);No TXT records
1499.mail.zonercloud.net;Cloud Newsletter Basic (505);No TXT records
knihzr.sumavanet.cz;Alias (50);No TXT records
mlazovsko.sumava.net;Alias (50);No TXT records
sekera.sumava.net;Alias (50);No TXT records
traktoriada.sumava.net;Alias (50);No TXT records
chatasumava.sumavanet.cz;Alias (50);No TXT records
ddmnyrsko.sumavanet.cz;Alias (50);No TXT records
horizont.sumavanet.cz;Alias (50);No TXT records
hotelenzian.sumavanet.cz;Alias (50);No TXT records
kobylnice.sumavanet.cz;Alias (50);No TXT records
kvilda.sumavanet.cz;Alias (50);No TXT records
lipno.sumavanet.cz;Alias (50);No TXT records
mapy.sumavanet.cz;Alias (50);No TXT records
mestysacachrov.sumavanet.cz;Alias (50);No TXT records
mikroregion.sumavanet.cz;Alias (50);No TXT records
mokrosuky.sumavanet.cz;Alias (50);No TXT records
penzionkobylnice.sumavanet.cz;Alias (50);No TXT records
shs.sumavanet.cz;Alias (50);No TXT records
skipenzion.sumavanet.cz;Alias (50);No TXT records
skipenzionkvilda.sumavanet.cz;Alias (50);No TXT records
svazobci.sumavanet.cz;Alias (50);No TXT records
vyborobci.sumavanet.cz;Alias (50);No TXT records
zava.sumavanet.cz;Alias (50);No TXT records
zlatyjelen.sumavanet.cz;Alias (50);No TXT records
chatasumava.sumava.net;Alias (50);No TXT records
ddmnyrsko.sumava.net;Alias (50);No TXT records
hojsovka.sumava.net;Alias (50);No TXT records
kobylnice.sumava.net;Alias (50);No TXT records
kvilda.sumava.net;Alias (50);No TXT records
lipno.sumava.net;Alias (50);No TXT records
mestyscachrov.sumava.net;Alias (50);No TXT records
mikroregion.sumava.net;Alias (50);No TXT records
mokrosuky.sumava.net;Alias (50);No TXT records
penzionkobylnice.sumava.net;Alias (50);No TXT records
shs.sumava.net;Alias (50);No TXT records
skipenzion.sumava.net;Alias (50);No TXT records
skipenzionkvilda.sumava.net;Alias (50);No TXT records
svazobci.sumava.net;Alias (50);No TXT records
tesneni-zaluzie.sumava.net;Alias (50);No TXT records
vodsvatobor.sumava.net;Alias (50);No TXT records
vyborobci.sumava.net;Alias (50);No TXT records
zava.sumava.net;Alias (50);No TXT records
zlatyjelen.sumava.net;Alias (50);No TXT records
baby.klatovynet.cz;Alias (50);No TXT records
bazen.klatovynet.cz;Alias (50);No TXT records
divadlo.klatovynet.cz;Alias (50);No TXT records
kemp.klatovynet.cz;Alias (50);No TXT records
kpk.klatovynet.cz;Alias (50);No TXT records
kpm.klatovynet.cz;Alias (50);No TXT records
muss.klatovynet.cz;Alias (50);No TXT records
muzeum.klatovynet.cz;Alias (50);No TXT records
ts.klatovynet.cz;Alias (50);No TXT records
ubytovna.klatovynet.cz;Alias (50);No TXT records
uhejtmana.klatovynet.cz;Alias (50);No TXT records
zimak.klatovynet.cz;Alias (50);No TXT records
hifiklub.klatovynet.cz;Alias (50);No TXT records
ncd.sumavanet.cz;Alias (50);No TXT records
testtest.sumavanet.cz;Alias (50);No TXT records
pension-nela.klatovynet.cz;Alias (50);No TXT records
khory.sumavanet.cz;Alias (50);No TXT records
khory.sumava.net;Alias (50);No TXT records
datakt.gymkt.eu;Alias (50);No TXT records
p.gymkt.cz;Alias (50);No TXT records
filesize.gymkt.cz;Alias (50);No TXT records
modrava.com;Alias (50);No TXT records
jaroslavkomora.cz;Alias (50);v=spf1 a include:spf-zoner-zmail.zoner.com include:spf-zoner-cloudmail.zoner.com -all
susicenet.cz;Alias (50);v=spf1 a include:spf-zoner-zmail.zoner.com include:spf-zoner-cloudmail.zoner.com -all
hornivltava.cz;Alias (50);v=spf1 a mx include:spf-zoner-zmail.zoner.com include:spf-zoner-cloudmail.zoner.com include:spf.seznam.cz -all
kubova-hut.cz;Alias (50);No TXT records
otavskaplavba.cz;Alias (50);No TXT records
modrava.cz;Alias (50);No TXT records
spskt.cz;Alias (50);v=spf1 include:spf.protection.outlook.com -all
modrava-penzion.cz;Alias (50);No TXT records
bezdekov.cz;Alias (50);v=spf1 a mx include:spf-zoner-zmail.zoner.com include:spf-zoner-cloudmail.zoner.com -all
obec-dolany.cz;Alias (50);No SPF record found
srni.cz;Alias (50);v=spf1 include:spf.protection.outlook.com -all
borova-lada.cz;Alias (50);No TXT records
hojsovka.cz;Alias (50);No TXT records
klatovskydvur.cz;Alias (50);No TXT records
pensionnovysvet.cz;Alias (50);No TXT records
penzionnovysvet.cz;Alias (50);No TXT records
hotel-prachen.cz;Alias (50);No TXT records
strednipootavi.cz;Alias (50);No TXT records
mokrosuky.cz;Alias (50);No TXT records
prohlidky-klatov.cz;Alias (50);No TXT records
klatovy-info.cz;Alias (50);No TXT records
knihovnaruda.cz;Alias (50);No TXT records
penzionmontana.cz;Alias (50);No TXT records
vanocnistromky-sumava.cz;Alias (50);No TXT records
hotel-rozvoj.cz;Alias (50);No TXT records
countryklatovy.cz;Alias (50);No TXT records
ubytovna-klatovy.cz;Alias (50);No TXT records
ubytovnaklatovy.cz;Alias (50);No TXT records
tatran-alpalouka.cz;Alias (50);No TXT records
uslechtu.cz;Alias (50);v=spf1 a mx include:spf-zoner-zmail.zoner.com include:spf-zoner-cloudmail.zoner.com -all
tjstartbela.cz;Alias (50);No TXT records
hotelrozvoj.cz;Alias (50);No TXT records
sdruzeniproklatovy.cz;Alias (50);No TXT records
fotonyrsko.cz;Alias (50);Domain not found
chram-ticha.cz;Alias (50);No TXT records
jannepomucky.cz;Alias (50);No TXT records
vaclav-fiala.cz;Alias (50);No TXT records
penzion-kasperk.cz;Alias (50);No TXT records
sdruzeni-optiku.cz;Alias (50);No TXT records
ubytovanikasperky.cz;Alias (50);No TXT records
skivltavice.cz;Alias (50);No TXT records
skipancir.cz;Alias (50);No TXT records
ski-pancir.cz;Alias (50);No TXT records
ski-vltavice.cz;Alias (50);No TXT records
lanovka-pancir.cz;Alias (50);No TXT records
sumavske-lazne.cz;Alias (50);No TXT records
sumavskelazne.cz;Alias (50);No TXT records
sumavalazne.cz;Alias (50);No TXT records
sumava-lazne.cz;Alias (50);No TXT records
laznesumava.cz;Alias (50);No TXT records
lazne-sumava.cz;Alias (50);No TXT records
muzeumnyrsko.cz;Alias (50);No TXT records
klatovskonakole.cz;Alias (50);No TXT records
nakobylce.cz;Alias (50);No TXT records
jiristrasek.cz;Alias (50);No TXT records
phladky.cz;Alias (50);No TXT records
modrypenzion.cz;Alias (50);No TXT records
modry-penzion.cz;Alias (50);No TXT records
unicos-kt.cz;Alias (50);v=spf1 a:kmail.unicos-kt.cz ip4:188.175.113.123 ~all
fotobartik.cz;Alias (50);No TXT records
restauraceklatovy.cz;Alias (50);No TXT records
restaurace-klatovy.cz;Alias (50);No TXT records
country-klatovy.cz;Alias (50);No TXT records
pivovarmodrava.cz;Alias (50);No TXT records
pivovar-modrava.cz;Alias (50);No TXT records
skolaruda.cz;Alias (50);v=spf1 a mx include:_spf.google.com include:spf-zoner-zmail.zoner.com include:spf-zoner-cloudmail.zoner.com -all
hotelsirotek.cz;Alias (50);No TXT records
hotel-sirotek.cz;Alias (50);No TXT records
chalupamodrava.cz;Alias (50);No TXT records
chalupa-modrava.cz;Alias (50);No TXT records
mikroregionsumava.cz;Alias (50);No TXT records
pivovarlyer.cz;Alias (50);No TXT records
zamekchudenice.cz;Alias (50);No TXT records
koupaliste-kolinec.cz;Alias (50);No TXT records
penzion-arberwald.cz;Alias (50);No TXT records
sluzbymodrava.cz;Alias (50);No TXT records
sluzby-modrava.cz;Alias (50);No TXT records
kostelchudenice.cz;Alias (50);No TXT records
rehapraktik.cz;Alias (50);No TXT records
reha-praktik.cz;Alias (50);No TXT records
icnyrsko.cz;Alias (50);No TXT records
zelezna-ruda.cz;Alias (50);v=spf1 a include:spf-zoner-zmail.zoner.com include:spf-zoner-cloudmail.zoner.com -all
posumavska-odpadova.cz;Alias (50);No TXT records
knihovnavacov.cz;Alias (50);No TXT records
knihovna-vacov.cz;Alias (50);No TXT records
sportovistenyrsko.cz;Alias (50);No TXT records
zahradnictviklatovy.cz;Alias (50);No TXT records
zahradnictvi-klatovy.cz;Alias (50);No TXT records
dso-ostruzna.cz;Alias (50);No TXT records
usazamu.cz;Alias (50);No TXT records
ujiriku.cz;Alias (50);No TXT records
kvildaapartman.cz;Alias (50);v=spf1 a include:spf-zoner-zmail.zoner.com include:spf-zoner-cloudmail.zoner.com -all
apartmanoblik.cz;Alias (50);No TXT records
maszskt.cz;Alias (50);v=spf1 ip4:217.198.115.28 include:_spf.google.com ~all
muhorazdovice.cz;Alias (50);v=spf1 mx -all
lazadov.cz;Alias (50);No TXT records
kinetic-kt.cz;Alias (50);v=spf1 a:kmail.kinetic-kt.cz ip4:188.175.113.123 ~all
masowest.cz;Alias (50);v=spf1 mx ~all
posumavskaodpadova.cz;Alias (50);v=spf1 a mx include:spf.protection.outlook.com include:_spf.webglobe.com -all
musskt.cz;Alias (50);v=spf1 mx -all
klatep.cz;Alias (50);v=spf1 mx a:om.cz.net ip4:193.85.2.13 -all
knihovna-janovice.cz;Alias (50);No TXT records
posumavi.cz;Alias (50);No TXT records
vacov.cz;Alias (50);v=spf1 a mx include:clavius.cz include:_spf.forpsi.com -all
toposumavi.cz;Alias (50);No TXT records
mesto-susice.cz;Alias (50);No TXT records
mususice.cz;Alias (50);v=spf1 a mx ~all
supermycka.cz;Alias (50);No TXT records
super-mycka.cz;Alias (50);No TXT records
apartmanyverunka.cz;Alias (50);No TXT records
apartmany-verunka.cz;Alias (50);No TXT records
dlazov.cz;Alias (50);No TXT records
venkov21stoleti.cz;Alias (50);No TXT records
sumava-bavorskyles.cz;Alias (50);No SPF record found
openklatovy.cz;Alias (50);No TXT records
kochanovskymed.cz;Alias (50);No TXT records
apartmanyusmrku.cz;Alias (50);No TXT records
floriansumava.cz;Alias (50);No TXT records
zsklatovyplanicka.cz;Alias (50);v=spf1 a include:spf-zoner-zmail.zoner.com include:spf-zoner-cloudmail.zoner.com include:spf.protection.outlook.com -all
pension-grantl.cz;Alias (50);v=spf1 a mx include:spf-zoner-zmail.zoner.com include:spf-zoner-cloudmail.zoner.com include:spf.seznam.cz -all
pensiongrantl.cz;Alias (50);No TXT records
rybarilenora.cz;Alias (50);No TXT records
zsplanice.cz;Alias (50);No SPF record found
churanovhotel.cz;Alias (50);v=spf1 include:_spf.best-hosting.cz ~all
zssvihov.cz;Alias (50);No TXT records
optiplast.cz;Alias (50);No TXT records
chatamilire.cz;Alias (50);v=spf1 a mx include:_spf.forpsi.com ~all
rsjavorna.cz;Alias (50);No TXT records
knihovna-pacejov.cz;Alias (50);No TXT records
uhrachu.cz;Alias (50);No TXT records
drevarstvisumava.cz;Alias (50);No TXT records
drevarstvi-sumava.cz;Alias (50);No TXT records
sumavskykulturnispolek.cz;Alias (50);No TXT records
odpadyklatovy.cz;Alias (50);No TXT records
odpady-klatovy.cz;Alias (50);No TXT records
faustin.cz;Alias (50);v=spf1 a mx include:spf-zoner-zmail.zoner.com include:spf-zoner-cloudmail.zoner.com include:spf.seznam.cz -all
msjanovice.cz;Alias (50);No TXT records
muzeumkvilda.cz;Alias (50);No TXT records
tjspicak.cz;Alias (50);No SPF record found
mijakvetiny.cz;Alias (50);No TXT records
mija-kvetiny.cz;Alias (50);No TXT records
chaluparetenka.cz;Alias (50);No TXT records
chalupa-retenka.cz;Alias (50);No TXT records
delnicihoustin.cz;Alias (50);No SPF record found
vrhavec.cz;Alias (50);v=spf1 a include:spf-zoner-zmail.zoner.com include:spf-zoner-cloudmail.zoner.com -all
apartmany-sirotek.cz;Alias (50);No SPF record found
apartmanysirotek.cz;Alias (50);No TXT records
skoladesenice.cz;Alias (50);v=spf1 a include:spf-zoner-zmail.zoner.com include:spf-zoner-cloudmail.zoner.com -all
hartmanicko.cz;Alias (50);No TXT records
vetrovna.cz;Alias (50);No TXT records
penzionkobylnice-lipno.cz;Alias (50);No SPF record found
hotelysrni.cz;Alias (50);No TXT records
skolavrhavec.cz;Alias (50);No SPF record found
chatacenkovka.cz;Alias (50);v=spf1 a mx include:spf-zoner-zmail.zoner.com include:spf-zoner-cloudmail.zoner.com include:spf.seznam.cz -all
chata-cenkovka.cz;Alias (50);No TXT records
apartmany-faustin.cz;Alias (50);No TXT records
mspacejov.cz;Alias (50);No TXT records
apelthi.cz;Alias (50);v=spf1 a mx include:spf-zoner-zmail.zoner.com include:spf-zoner-cloudmail.zoner.com -all
kvilda197.cz;Alias (50);No TXT records
vacovsko.cz;Alias (50);No TXT records
zwux.cz;Alias (50);No TXT records
pacejovsko.cz;Alias (50);No TXT records
umotomakovic.cz;Alias (50);No TXT records
josefinum-klatovy.cz;Alias (50);No TXT records
josefinumklatovy.cz;Alias (50);No TXT records
svihov.cz;Alias (50);v=spf1 ip4:88.146.247.35 a:posta.compactit.cz a include:spf-zoner-zmail.zoner.com include:spf-zoner-cloudmail.zoner.com ~all
zspacejov.cz;Alias (50);v=spf1 a mx include:_spf.google.com include:spf.skolaonline.cz include:spf-zoner-zmail.zoner.com include:spf-zoner-cloudmail.zoner.com -all
apartmanyhasicarna.cz;Alias (50);v=spf1 a mx include:spf-zoner-zmail.zoner.com include:spf-zoner-cloudmail.zoner.com include:spf.seznam.cz -all
filipkaulesa.cz;Alias (50);v=spf1 a mx include:spf-zoner-zmail.zoner.com include:spf-zoner-cloudmail.zoner.com -all
rkfprestice.cz;Alias (50);No TXT records
obeckvilda.cz;Alias (50);No TXT records
zsbezdekov.cz;Alias (50);No SPF record found
novehute.cz;Alias (50);No TXT records
destinacesumavazije.cz;Alias (50);No TXT records
mesto-horazdovice.cz;Alias (50);v=spf1 a mx include:_spf.websupport.cz ?all
moravske-vinice.cz;Alias (50);No TXT records
skolachanovice.cz;Alias (50);v=spf1 a mx include:_spf.google.com include:spf-zoner-zmail.zoner.com include:spf-zoner-cloudmail.zoner.com -all
bayern-böhmen.de;Alias (50);No TXT records
glockenfürdenböhmerwald.de;Alias (50);No TXT records
holzwirtschaft-im-boehmerwald.de;Alias (50);No TXT records
chodenexpress.eu;Alias (50);No TXT records
stadtfuehrung-klatovy.eu;Alias (50);No TXT records
kvilda.eu;Alias (50);No TXT records
chudenice.eu;Alias (50);No TXT records
prachensko.eu;Alias (50);No TXT records
vysivky-plzen.eu;Alias (50);No TXT records
vysivkyplzen.eu;Alias (50);No TXT records
cimice.eu;Alias (50);No TXT records
apartmany-spicak.eu;Alias (50);No TXT records
apartmanyspicak.eu;Alias (50);No TXT records
okula-eyewear.eu;Alias (50);No TXT records
arberwald.eu;Alias (50);No TXT records
hartmanicko.eu;Alias (50);No TXT records
nalzovskehory.eu;Alias (50);No TXT records
apartmanyulipy.eu;Alias (50);v=spf1 a mx include:spf-zoner-zmail.zoner.com include:spf-zoner-cloudmail.zoner.com include:spf.seznam.cz -all
woodpecker.house;Alias (50);No TXT records
kasperskehory.info;Alias (50);No TXT records
kasperske-hory.info;Alias (50);No TXT records
horazdovice.info;Alias (50);No TXT records
gabreta.info;Alias (50);v=spf1 a include:spf-zoner-zmail.zoner.com include:spf-zoner-cloudmail.zoner.com -all
zeleznorudsko.info;Alias (50);No TXT records
apartmanysumava.info;Alias (50);No TXT records
zssvihov.info;Alias (50);v=spf1 include:spf.protection.outlook.com -all
lipno.li;Alias (50);No TXT records
strakonicko.net;Alias (50);No SPF record found
gabreta.net;Alias (50);No TXT records
stachy.net;Alias (50);No TXT records
cachrov.net;Alias (50);No SPF record found
stozec.net;Alias (50);No SPF record found
prachensko.org;Alias (50);No SPF record found
lipno.pro;Alias (50);v=spf1 a include:spf-zoner-zmail.zoner.com include:spf-zoner-cloudmail.zoner.com -all
e-babyland.com;Cloud Mail (640);No TXT records
hornivltavice.cz;Cloud Mail (640);No TXT records
zeleznaruda.cz;Cloud Mail (640);v=spf1 a ip4:83.167.234.64 include:spf-zoner-zmail.zoner.com include:spf-zoner-cloudmail.zoner.com -all
rejstejn.cz;Cloud Mail (640);v=spf1 include:spf-zoner-zmail.zoner.com ~all
olioptik.cz;Cloud Mail (640);v=spf1 a mx include:spf-zoner-zmail.zoner.com include:spf-zoner-cloudmail.zoner.com include:_spf.upgates.com -all
penzionkasperk.cz;Cloud Mail (640);v=spf1 a mx include:spf-zoner-zmail.zoner.com include:spf-zoner-cloudmail.zoner.com -all
velhartice.cz;Cloud Mail (640);v=spf1 a include:spf-zoner-zmail.zoner.com include:spf-zoner-cloudmail.zoner.com -all
tsnyrsko.cz;Cloud Mail (640);v=spf1 a include:spf-zoner-zmail.zoner.com include:spf-zoner-cloudmail.zoner.com -all
muzeumklatovy.cz;Cloud Mail (640);No TXT records
klostermann.cz;Cloud Mail (640);v=spf1 a mx include:spf-zoner-zmail.zoner.com include:spf-zoner-cloudmail.zoner.com -all
hanatrans.cz;Cloud Mail (640);v=spf1 include:spf-zoner-zmail.zoner.com -all
chlistov.cz;Cloud Mail (640);v=spf1 a include:spf-zoner-zmail.zoner.com include:spf-zoner-cloudmail.zoner.com -all
hlavnovice.cz;Cloud Mail (640);v=spf1 a include:spf-zoner-zmail.zoner.com include:spf-zoner-cloudmail.zoner.com -all
muhartmanice.cz;Cloud Mail (640);v=spf1 a include:spf-zoner-zmail.zoner.com include:spf-zoner-cloudmail.zoner.com -all
tuzice.cz;Cloud Mail (640);v=spf1 a include:spf-zoner-zmail.zoner.com include:spf-zoner-cloudmail.zoner.com -all
athel.cz;Cloud Mail (640);v=spf1 a include:spf-zoner-zmail.zoner.com include:spf-zoner-cloudmail.zoner.com -all
horlad.cz;Cloud Mail (640);v=spf1 include:spf-zoner-zmail.zoner.com -all
elsyndvur.cz;Cloud Mail (640);v=spf1 a mx include:spf-zoner-zmail.zoner.com include:spf-zoner-cloudmail.zoner.com -all
soudnitlumocnik-de.cz;Cloud Mail (640);v=spf1 a mx include:spf-zoner-zmail.zoner.com include:spf-zoner-cloudmail.zoner.com -all
obecmysliv.cz;Cloud Mail (640);"v=spf1 include:spf-zoner-zmail.zoner.com ~all; v=spf1 a mx include:spf-zoner-zmail.zoner.com include:spf-zoner-cloudmail.zoner.com -all"
oudlouhaves.cz;Cloud Mail (640);v=spf1 a mx include:spf-zoner-zmail.zoner.com include:spf-zoner-cloudmail.zoner.com -all
sumavazije.cz;Cloud Mail (640);v=spf1 a mx include:spf-zoner-zmail.zoner.com include:spf-zoner-cloudmail.zoner.com -all
chanovice.cz;Cloud Mail (640);v=spf1 a mx include:spf-zoner-zmail.zoner.com include:spf-zoner-cloudmail.zoner.com -all
3kbh.cz;Cloud Mail (640);v=spf1 include:spf-zoner-zmail.zoner.com ~all
dsohorazdovicko.cz;Cloud Mail (640);v=spf1 a mx include:spf-zoner-zmail.zoner.com include:spf-zoner-cloudmail.zoner.com -all
chalupapodpancirem.cz;Cloud Mail (640);v=spf1 include:spf-zoner-zmail.zoner.com ~all
moravskevinice.cz;Cloud Mail (640);v=spf1 include:spf-zoner-zmail.zoner.com ~all
mezihori.eu;Cloud Mail (640);v=spf1 a mx include:spf-zoner-zmail.zoner.com include:spf-zoner-cloudmail.zoner.com -all
interpreton.cz;E-mail (80);v=spf1 a mx include:spf-zoner-zmail.zoner.com include:spf-zoner-cloudmail.zoner.com -all
klatovy.cz;E-mail Pro (81);v=spf1 a include:spf-zoner-zmail.zoner.com include:spf-zoner-cloudmail.zoner.com -all
vmi-rozhled.cz;E-mail Pro (81);v=spf1 a include:spf-zoner-zmail.zoner.com include:spf-zoner-cloudmail.zoner.com -all
boubin.cz;E-mail Pro (81);v=spf1 a include:spf-zoner-zmail.zoner.com include:spf-zoner-cloudmail.zoner.com -all
sumavanet.cz;E-mail Pro (81);v=spf1 a include:spf-zoner-zmail.zoner.com include:spf-zoner-cloudmail.zoner.com -all
lenora.cz;E-mail Pro (81);v=spf1 a include:spf-zoner-zmail.zoner.com include:spf-zoner-cloudmail.zoner.com -all
podmokly.cz;E-mail Pro (81);v=spf1 a include:spf-zoner-zmail.zoner.com include:spf-zoner-cloudmail.zoner.com -all
petroviceususice.cz;E-mail Pro (81);v=spf1 mx ip4:46.23.51.58 ~all
kubovahut.cz;E-mail Pro (81);v=spf1 a include:spf-zoner-zmail.zoner.com include:spf-zoner-cloudmail.zoner.com -all
filmpro.cz;E-mail Pro (81);v=spf1 a mx include:spf-zoner-zmail.zoner.com include:spf-zoner-cloudmail.zoner.com -all
agrimadrazenov.cz;E-mail Pro (81);v=spf1 a include:spf-zoner-zmail.zoner.com include:spf-zoner-cloudmail.zoner.com -all
zaskolovec.cz;E-mail Pro (81);v=spf1 a include:spf-zoner-zmail.zoner.com include:spf-zoner-cloudmail.zoner.com -all
kocum.cz;E-mail Pro (81);v=spf1 a include:spf-zoner-zmail.zoner.com include:spf-zoner-cloudmail.zoner.com -all
knihovnanyrsko.cz;E-mail Pro (81);v=spf1 a include:spf-zoner-zmail.zoner.com include:spf-zoner-cloudmail.zoner.com -all
kolinec.cz;E-mail Pro (81);v=spf1 a include:spf-zoner-zmail.zoner.com include:spf-zoner-cloudmail.zoner.com -all
desenice.cz;E-mail Pro (81);v=spf1 a include:spf-zoner-zmail.zoner.com include:spf-zoner-cloudmail.zoner.com -all
hotelprachen.cz;E-mail Pro (81);v=spf1 a mx include:spf-zoner-zmail.zoner.com include:spf-zoner-cloudmail.zoner.com include:smtpx.stable.cz -all
cihan.cz;E-mail Pro (81);v=spf1 a include:spf-zoner-zmail.zoner.com include:spf-zoner-cloudmail.zoner.com -all
hotely-srni.cz;E-mail Pro (81);v=spf1 a include:spf-zoner-zmail.zoner.com include:spf-zoner-cloudmail.zoner.com ip4:90.182.206.128/28 ip4:90.182.207.64/27 include:smtpx.stable.cz -all
hotelcertuvmlyn.cz;E-mail Pro (81);v=spf1 a include:spf-zoner-zmail.zoner.com include:spf-zoner-cloudmail.zoner.com -all
zsjanovice.cz;E-mail Pro (81);v=spf1 a mx include:spf-zoner-zmail.zoner.com include:spf-zoner-cloudmail.zoner.com include:spf.protection.outlook.com -all
nypack.cz;E-mail Pro (81);v=spf1 include:spf.protection.outlook.com -all
hotelbelveder.cz;E-mail Pro (81);v=spf1 a include:spf-zoner-zmail.zoner.com include:spf-zoner-cloudmail.zoner.com -all
prodejskla.cz;E-mail Pro (81);v=spf1 a include:spf-zoner-zmail.zoner.com include:spf-zoner-cloudmail.zoner.com -all
mestonyrsko.cz;E-mail Pro (81);v=spf1 a include:spf-zoner-zmail.zoner.com include:spf-zoner-cloudmail.zoner.com -all
hotelgradl.cz;E-mail Pro (81);v=spf1 a include:spf-zoner-zmail.zoner.com include:spf-zoner-cloudmail.zoner.com -all
parkhotel-sumava.cz;E-mail Pro (81);v=spf1 a include:spf-zoner-zmail.zoner.com include:spf-zoner-cloudmail.zoner.com -all
autospolplus.cz;E-mail Pro (81);v=spf1 a mx include:spf.smartemailing.cz ~all
pask-klatovy.cz;E-mail Pro (81);v=spf1 a include:spf-zoner-zmail.zoner.com include:spf-zoner-cloudmail.zoner.com -all
penzion-arnika.cz;E-mail Pro (81);v=spf1 a mx include:spf-zoner-zmail.zoner.com include:spf-zoner-cloudmail.zoner.com -all
pacejov.cz;E-mail Pro (81);v=spf1 a include:spf-zoner-zmail.zoner.com include:spf-zoner-cloudmail.zoner.com -all
nalzovskehory.cz;E-mail Pro (81);v=spf1 a include:spf-zoner-zmail.zoner.com include:spf-zoner-cloudmail.zoner.com -all
chata-modrava.cz;E-mail Pro (81);v=spf1 a mx include:spf-zoner-zmail.zoner.com include:spf-zoner-cloudmail.zoner.com -all
nyrskateplarna.cz;E-mail Pro (81);v=spf1 a include:spf-zoner-zmail.zoner.com include:spf-zoner-cloudmail.zoner.com -all
sportoviste-nyrsko.cz;E-mail Pro (81);v=spf1 a include:spf-zoner-zmail.zoner.com include:spf-zoner-cloudmail.zoner.com -all
janovice.cz;E-mail Pro (81);v=spf1 a include:spf-zoner-zmail.zoner.com include:spf-zoner-cloudmail.zoner.com -all
divadloklatovy.cz;E-mail Pro (81);v=spf1 a mx a:mail1.colosseum.eu include:spf-zoner-zmail.zoner.com include:spf-zoner-cloudmail.zoner.com ip4:185.64.219.200 -all
muzeumsumavy.cz;E-mail Pro (81);v=spf1 mx ~all
ambulance-klatovy.cz;E-mail Pro (81);v=spf1 a include:spf-zoner-zmail.zoner.com include:spf-zoner-cloudmail.zoner.com -all
penzionfiala.cz;E-mail Pro (81);v=spf1 a include:spf-zoner-zmail.zoner.com include:spf-zoner-cloudmail.zoner.com -all
beharov.cz;E-mail Pro (81);v=spf1 a include:spf-zoner-zmail.zoner.com include:spf-zoner-cloudmail.zoner.com -all
alpskavyhlidka.cz;E-mail Pro (81);v=spf1 a include:spf.protection.outlook.com include:spf-zoner-zmail.zoner.com include:spf-zoner-cloudmail.zoner.com -all
mestosusice.cz;E-mail Pro (81);v=spf1 a include:spf-zoner-zmail.zoner.com include:spf-zoner-cloudmail.zoner.com -all
udolipodostrym.cz;E-mail Pro (81);v=spf1 a include:spf-zoner-zmail.zoner.com include:spf-zoner-cloudmail.zoner.com -all
chatasumava.cz;E-mail Pro (81);v=spf1 a include:spf-zoner-zmail.zoner.com include:spf-zoner-cloudmail.zoner.com -all
advokat-sojka.cz;E-mail Pro (81);v=spf1 a include:spf-zoner-zmail.zoner.com include:spf-zoner-cloudmail.zoner.com -all
obecsveradice.cz;E-mail Pro (81);v=spf1 a include:spf-zoner-zmail.zoner.com include:spf-zoner-cloudmail.zoner.com -all
equilibris.cz;E-mail Pro (81);v=spf1 include:spf-zoner-zmail.zoner.com -all
veragloria.cz;E-mail Pro (81);v=spf1 a include:spf-zoner-zmail.zoner.com include:spf-zoner-cloudmail.zoner.com -all
timepartners.cz;E-mail Pro (81);v=spf1 include:spf-zoner-zmail.zoner.com -all
rybnik-ceskyles.cz;E-mail Pro (81);v=spf1 include:spf-zoner-zmail.zoner.com ip4:217.198.115.28 -all
skolavltavice.cz;E-mail Pro (81);v=spf1 a include:spf-zoner-zmail.zoner.com include:spf-zoner-cloudmail.zoner.com -all
obec-rybnik.cz;E-mail Pro (81);v=spf1 include:spf-zoner-zmail.zoner.com -all
zsdlouhaves.cz;E-mail Pro (81);v=spf1 a include:spf-zoner-zmail.zoner.com include:spf-zoner-cloudmail.zoner.com -all
apartmany-sumava.eu;E-mail Pro (81);v=spf1 a include:spf-zoner-zmail.zoner.com include:spf-zoner-cloudmail.zoner.com -all
mammocentrum.eu;E-mail Pro (81);v=spf1 a include:spf-zoner-zmail.zoner.com include:spf-zoner-cloudmail.zoner.com -all
foxklatovy.eu;E-mail Pro (81);v=spf1 a include:spf-zoner-zmail.zoner.com include:spf-zoner-cloudmail.zoner.com -all
cachrov.info;E-mail Pro (81);v=spf1 a include:spf-zoner-zmail.zoner.com include:spf-zoner-cloudmail.zoner.com -all
sumava.net;E-mail Pro (81);v=spf1 a include:spf-zoner-zmail.zoner.com include:spf-zoner-cloudmail.zoner.com -all
kvilda.org;E-mail Pro (81);v=spf1 a include:spf-zoner-zmail.zoner.com include:spf-zoner-cloudmail.zoner.com -all
sumavanet.com;ManagedHosting Windows (657);v=spf1 a include:spf-zoner-zmail.zoner.com include:spf-zoner-cloudmail.zoner.com -all
klatovynet.cz;ManagedHosting Windows (657);v=spf1 a include:spf-zoner-zmail.zoner.com include:spf-zoner-cloudmail.zoner.com -all
simacek-stavby.cz;ManagedHosting Windows (657);No SPF record found
dynaweb.cz;ManagedHosting Windows (657);v=spf1 a mx a:sumavanet-1.zarea.net include:spf-zoner-zmail.zoner.com include:spf-zoner-cloudmail.zoner.com -all
klatovyinfo.cz;ManagedHosting Windows (657);No TXT records
zsnyrskokom.cz;ManagedHosting Windows (657);v=spf1 include:spf.protection.outlook.com -all
voltori.cz;ManagedHosting Windows (657);No TXT records
lic.cz;ManagedHosting Windows (657);No TXT records
mraz.in;ManagedHosting Windows (657);No TXT records
nyrsko.net;ManagedHosting Windows (657);No SPF record found
rada.susicenet.cz;ManagedHosting Windows NoMail (659);No TXT records
nsn.nyrsko.net;ManagedHosting Windows NoMail (659);No TXT records
fdh.sumavanet.cz;Alias (50);No TXT records
apartmany-modrava.cz;Alias (50);No TXT records
kskreal.cz;Alias (50);No TXT records
klatovy.net;Alias (50);No TXT records
musicpro.cz;ManagedHosting PHP (650);v=spf1 a mx include:spf-zoner-zmail.zoner.com include:spf-zoner-cloudmail.zoner.com -all
chataterezka.cz;ManagedHosting PHP (650);v=spf1 include:spf-zoner-zmail.zoner.com -all
klatovy-net.cz;ManagedHosting PHP (650);No TXT records
daniel-hladky.cz;ManagedHosting PHP (650);v=spf1 include:spf-zoner-zmail.zoner.com -all
lesnistavby.cz;ManagedHosting PHP (650);v=spf1 a include:spf-zoner-zma il.zoner.com include:spf-zoner -cloudmail.zoner.com -all
ksk-real.cz;ManagedHosting PHP (650);v=spf1 a mx include:spf-zoner-zmail.zoner.com include:spf-zoner-cloudmail.zoner.com -all
jsf-stavebni.cz;ManagedHosting PHP (650);v=spf1 a include:spf-zoner-zmail.zoner.com include:spf-zoner-cloudmail.zoner.com -all
kssklatovy.cz;ManagedHosting PHP (650);No TXT records
langmatz.cz;ManagedHosting PHP (650);v=spf1 include:spf-zoner-zmail.zoner.com include:spf.emailkampane.cz ~all
obechamry.cz;ManagedHosting PHP (650);No TXT records
vstrejc.cz;ManagedHosting PHP (650);No TXT records
lsstavby.cz;ManagedHosting PHP (650);v=spf1 a include:spf-zoner-zmail.zoner.com include:spf-zoner-cloudmail.zoner.com -all
pohadkovakovarna.cz;ManagedHosting PHP (650);No TXT records
klatovynet.eu;ManagedHosting PHP (650);No TXT records
sumavanet.eu;ManagedHosting PHP (650);No TXT records
zsplanicka.klatovynet.cz;ManagedHosting PHP NoMail (653);No TXT records
muzeum.sumava.net;ManagedHosting PHP NoMail (653);No TXT records
reg5.tjstartbela.cz;ManagedHosting PHP NoMail (653);No TXT records
user.regiofoto.cz;ManagedHosting PHP NoMail (653);No TXT records
data.nyrsko.net;ManagedHosting PHP NoMail (653);No TXT records
fdh.klatovynet.cz;ManagedHosting PHP NoMail (653);No TXT records
openkt.klatovynet.eu;ManagedHosting PHP NoMail (653);No TXT records
rozvoz.danielhladky.cz;ManagedHosting PHP NoMail (653);v=spf1 include:spf-zoner-zmail.zoner.com -all
rodicovskeschuzky.zsklatovyplanicka.cz;ManagedHosting PHP NoMail (653);No TXT records
new.ksk-real.cz;ManagedHosting PHP NoMail (653);No TXT records
old.ksk-real.cz;ManagedHosting PHP NoMail (653);No TXT records
povydri.cz;ManagedHosting PHP NoMail (653);No TXT records
regiofoto.cz;ManagedHosting PHP NoMail (653);No TXT records
apartmanymodrava.cz;ManagedHosting PHP NoMail (653);v=spf1 a mx include:spf-zoner-zmail.zoner.com include:spf-zoner-cloudmail.zoner.com -all
monroecaffe.cz;ManagedHosting PHP NoMail (653);No TXT records
tsklatovy.cz;ManagedHosting PHP NoMail (653);v=spf1 a include:spf-zoner-zmail.zoner.com include:spf-zoner-cloudmail.zoner.com ip4:85.13.85.129 -all
mhladky.cz;ManagedHosting PHP NoMail (653);No TXT records
zde.info;ManagedHosting PHP NoMail (653);No TXT records
sumava.pro;ManagedHosting PHP NoMail (653);No TXT records
